Rk,Player,Nation,Pos,Squad,Comp,Age,Born,MP,Starts,Min,90s,GA_p90 (keepersadv_p90),PKA_p90 (keepersadv_p90),FK_p90 (keepersadv_p90),CK_p90 (keepersadv_p90),OG_p90 (keepersadv_p90),PSxG_p90 (keepersadv_p90),PSxG/SoT_p90 (keepersadv_p90),PSxG+/-_p90 (keepersadv_p90),Cmp_p90 (keepersadv_p90),Att_p90 (keepersadv_p90),Passes Att_p90 (keepersadv_p90),Thr_p90 (keepersadv_p90),AvgLen_p90 (keepersadv_p90),Goal Kicks Att_p90 (keepersadv_p90),Goal Kicks AvgLen_p90 (keepersadv_p90),Opp_p90 (keepersadv_p90),Stp_p90 (keepersadv_p90),#OPA_p90 (keepersadv_p90),Starts_p90 (keepers_p90),Min_p90 (keepers_p90),GA_p90 (keepers_p90),SoTA_p90 (keepers_p90),Saves_p90 (keepers_p90),W_p90 (keepers_p90),D_p90 (keepers_p90),L_p90 (keepers_p90),CS_p90 (keepers_p90),PKatt_p90 (keepers_p90),PKA_p90 (keepers_p90),PKsv_p90 (keepers_p90),PKm_p90 (keepers_p90),AvgDist (keepersadv_p90),TMPosition
1,Álvaro Aceves,ESP,GK,Valladolid,La Liga,19,2003,1,0,13,0.1,0,0,0,0,0,1,0.4,1,10,20,70,30,257,10,240,10,0,20,0,130,0,30,30,0,0,0,0,0,0,0,0,33,Goalkeeper
2,Julen Agirrezabala,ESP,GK,Athletic Club,La Liga,22,2000,8,7,675,7.5,0.8,0,0,0,0,0.73,0.04,-0.07,4.93,13.47,23.87,4.4,4.07,8.27,7.39,12.8,1.47,1.33,0.93,90,0.8,2.53,1.73,0.13,0.4,0.4,0.27,0,0,0,0,15.4,Goalkeeper
3,Doğan Alemdar,TUR,GK,Rennes,Ligue 1,20,2002,6,4,406,4.5,1.78,0.22,0,0.44,0,1.44,0.06,-0.33,5.11,14.89,24.22,3.11,7.33,7.78,11.42,16.67,1.11,1.11,0.89,90.22,1.78,3.56,1.56,0.44,0,0.44,0.22,0.44,0.22,0.22,0,14.8,Goalkeeper
4,Alisson,BRA,GK,Liverpool,Premier League,30,1992,37,37,3330,37,1.16,0.05,0,0,0.05,1.38,0.01,0.27,3.14,7.65,33.95,5.68,0.73,5.22,0.85,10.73,0.62,2.41,1,90,1.16,3.97,2.84,0.51,0.24,0.24,0.38,0.11,0.05,0.03,0.03,19.8,Goalkeeper
5,Alphonse Areola,FRA,GK,West Ham,Premier League,30,1993,5,2,309,3.4,2.06,0.59,0,0.29,0,2.15,0.1,0.09,4.12,10.88,17.94,4.12,9.82,8.82,9.71,13.82,0.59,0.29,0.59,90.88,2.06,4.71,2.65,0,0.29,0.29,0.29,0.59,0.59,0,0,10.3,Goalkeeper
6,Kepa Arrizabalaga,ESP,GK,Chelsea,Premier League,28,1994,29,29,2565,28.5,1.16,0.04,0.04,0.14,0.11,1.23,0.01,0.18,2.39,7.47,30.32,5.3,0.92,6.39,1.11,11.65,0.53,1.82,1.02,90,1.16,4.21,3.16,0.28,0.32,0.42,0.32,0.04,0.04,0,0,16.9,Goalkeeper
7,Sergio Asenjo,ESP,GK,Valladolid,La Liga,33,1989,10,10,900,10,2.1,0.1,0.1,0,0,1.68,0.03,-0.42,5.8,16.2,26,4.6,3.58,9.2,5.12,16.6,0.5,1.7,1,90,2.1,5.1,3,0.2,0.2,0.6,0.1,0.1,0.1,0,0,16.1,Goalkeeper
8,Emil Audero,ITA,GK,Sampdoria,Serie A,26,1997,25,25,2250,25,1.56,0.2,0,0.16,0.08,1.29,0.01,-0.19,6.36,17.64,28.56,4.16,1.56,8,1.77,14.24,0.96,0.92,1,90,1.56,4.84,3.28,0.08,0.24,0.68,0.16,0.28,0.2,0.08,0,13.9,Goalkeeper
9,Édgar Badía,ESP,GK,Elche,La Liga,31,1992,36,36,3240,36,1.75,0.19,0,0.11,0.06,1.93,0.01,0.24,5.31,11.72,21.44,4.61,0.95,8.22,1.16,15.94,0.58,0.56,1,90,1.75,5.56,3.78,0.14,0.28,0.58,0.11,0.28,0.19,0.08,0,12.7,Goalkeeper
10,Francesco Bardi,ITA,GK,Bologna,Serie A,31,1992,1,1,90,1,0,0,0,0,0,0.6,0.16,0.6,5,9,13,5,35.6,9,33.4,10,0,0,1,90,0,4,4,1,0,0,1,0,0,0,0,0,Goalkeeper
11,Oliver Baumann,GER,GK,Hoffenheim,Bundesliga,33,1990,34,34,3060,34,1.68,0.06,0.03,0.32,0.03,1.48,0.01,-0.16,6.06,15.44,34.24,4.94,0.99,7.32,1.16,15.56,1.26,1.26,1,90,1.68,4.74,3.09,0.29,0.18,0.53,0.15,0.09,0.06,0,0.03,13.4,Goalkeeper
12,Gavin Bazunu,IRL,GK,Southampton,Premier League,21,2002,32,32,2880,32,1.75,0.03,0.03,0.22,0.12,1.11,0.01,-0.52,6.62,19.66,29.22,4.5,1.19,7.41,1.56,14.25,1.12,1.5,1,90,1.75,3.75,2.09,0.19,0.19,0.62,0.12,0.06,0.03,0.03,0,15.1,Goalkeeper
13,Asmir Begović,BIH,GK,Everton,Premier League,35,1987,1,1,90,1,0,0,0,0,0,0.5,0.12,0.5,4,13,22,5,34.9,8,46.8,23,1,0,1,90,0,4,4,1,0,0,1,0,0,0,0,5,Goalkeeper
14,Daniel Bentley,ENG,GK,Wolves,Premier League,29,1993,2,2,180,2,1.5,0,0,0,0,1.95,0.15,0.45,5,14.5,28.5,7,16.45,11.5,16.1,18.5,2.5,0.5,1,90,1.5,6.5,5,0,0.5,0.5,0,0,0,0,0,8.3,Goalkeeper
15,Paul Bernardoni,FRA,GK,Angers,Ligue 1,26,1997,27,27,2430,27,2.3,0.3,0.04,0.22,0.11,1.9,0.01,-0.28,3.48,10.78,17.74,4.59,1.28,6.85,1.58,13.22,0.78,0.67,1,90,2.3,5.3,3.11,0.04,0.19,0.78,0.11,0.33,0.3,0,0.04,11.4,Goalkeeper
16,Marco Bizot,NED,GK,Brest,Ligue 1,32,1991,37,37,3330,37,1.46,0.19,0.03,0.3,0.05,1.48,0.01,0.08,5.35,12.89,21.78,4.41,0.96,7.81,1.19,14.05,0.81,0.68,1,90,1.46,4.76,3.3,0.3,0.27,0.43,0.22,0.24,0.19,0.05,0,11.6,Goalkeeper
17,Rubén Blanco,ESP,GK,Marseille,Ligue 1,27,1995,6,6,495,5.5,1.09,0,0,0.18,0.36,0.71,0.04,-0.02,2,8.55,30,5.64,4.98,7.45,5.84,13.27,0.55,1.27,1.09,90,1.09,3.45,2.73,0.18,0.55,0.36,0,0,0,0,0,17.9,Goalkeeper
18,Janis Blaswich,GER,GK,RB Leipzig,Bundesliga,32,1991,26,26,2340,26,1.12,0.23,0,0.08,0,1.03,0.01,-0.08,2.27,7.27,37.88,4.85,0.97,6,1.15,11.08,0.77,1.5,1,90,1.12,2.88,1.73,0.62,0.15,0.23,0.27,0.27,0.23,0.04,0,17,Goalkeeper
19,Joaquín Blázquez,ARG,GK,Brest,Ligue 1,22,2001,1,1,90,1,0,0,0,0,0,0.2,0.06,0.2,8,13,18,3,45.7,11,26.3,11,2,0,1,90,0,3,3,0,1,0,1,0,0,0,0,3.5,Goalkeeper
20,Yassine Bounou,MAR,GK,Sevilla,La Liga,32,1991,25,25,2151,23.9,1.72,0.08,0.04,0.13,0.08,1.56,0.01,-0.07,4.81,12.68,32.85,3.85,1.29,6.78,1.76,12.89,0.84,1.63,1.05,90,1.72,4.44,2.76,0.29,0.25,0.5,0.17,0.13,0.08,0.04,0,17.4,Goalkeeper
21,Claudio Bravo,CHI,GK,Betis,La Liga,40,1983,12,12,1080,12,0.75,0.08,0,0.08,0,0.92,0.02,0.17,6.25,18.75,24,3.5,3.3,8.42,4.38,17.75,0.33,0.5,1,90,0.75,3.5,2.75,0.42,0.42,0.17,0.33,0.08,0.08,0,0,12.1,Goalkeeper
22,Fabian Bredlow,GER,GK,Stuttgart,Bundesliga,28,1995,15,15,1350,15,1.53,0.33,0,0.2,0.07,1.34,0.02,-0.13,3.67,8.6,33.53,5.73,1.84,6.07,2.23,13.53,0.8,1,1,90,1.53,3.93,2.47,0.27,0.33,0.4,0.07,0.33,0.33,0,0,15.2,Goalkeeper
23,Marcin Bułka,POL,GK,Nice,Ligue 1,23,1999,2,2,180,2,1,0,0,0,0,1.55,0.26,0.55,4,10,24.5,5.5,14.05,9,22.1,13,1,1.5,1,90,1,3,2,0,0.5,0.5,0,0,0,0,0,13.8,Goalkeeper
24,Juan Carlos,ESP,GK,Girona,La Liga,35,1988,10,10,900,10,1.8,0.2,0.2,0.1,0,1.67,0.03,-0.13,2.3,6.4,27.8,5.1,2.87,6.2,3.03,12,0.6,2.1,1,90,1.8,4.3,2.5,0.2,0.2,0.6,0,0.2,0.2,0,0,16.9,Goalkeeper
25,Marco Carnesecchi,ITA,GK,Cremonese,Serie A,22,2000,27,27,2430,27,1.74,0.07,0.11,0.26,0.04,1.64,0.01,-0.07,5.81,19.37,27.59,5,1.53,7.52,1.97,14.89,1.07,1.07,1,90,1.74,5.67,3.96,0.15,0.33,0.52,0.15,0.07,0.07,0,0,14.1,Goalkeeper
26,Matis Carvalho,POR,GK,Montpellier,Ligue 1,24,1999,2,1,136,1.5,2,0,0,0,0,1.27,0.16,-0.73,9.33,28.67,25.33,2.67,32.93,9.33,40.93,25.33,1.33,0,0.67,90.67,2,5.33,3.33,0,0,0.67,0.67,0,0,0,0,8.3,Goalkeeper
27,Koen Casteels,BEL,GK,Wolfsburg,Bundesliga,30,1992,34,34,3060,34,1.41,0.12,0,0.15,0.09,1.29,0.01,-0.03,7.56,17.29,39,5.38,0.99,7.59,1.4,14.38,0.85,1.5,1,90,1.41,4.32,2.97,0.38,0.29,0.32,0.35,0.21,0.12,0.03,0.06,16.5,Goalkeeper
28,Michele Cerofolini,ITA,GK,Fiorentina,Serie A,24,1999,5,5,450,5,0.6,0.2,0,0,0,0.68,0.04,0.08,4.8,14,33.4,5.4,6.66,5.6,7.62,5.8,0.2,0.6,1,90,0.6,2.2,1.6,0.8,0.2,0,0.4,0.2,0.2,0,0,13.8,Goalkeeper
29,Leonardo César Jardim,BRA,GK,Lille,Ligue 1,28,1995,6,6,540,6,2.17,0.33,0,0,0,0,0,0,0,0,0,0,0,0,0,0,0,0,1,90,2.17,2.5,0.67,0.5,0.17,0.33,0,0.33,0.33,0,0,0,Goalkeeper
30,Lucas Chevalier,FRA,GK,Lille,Ligue 1,21,2001,32,32,2880,32,0.97,0.06,0.06,0.03,0.09,0.95,0.01,0.08,2.38,8.81,28.22,3.78,0.92,3.28,1.16,9.94,0.69,0.78,1,90,0.97,3.28,2.38,0.5,0.28,0.22,0.31,0.09,0.06,0.03,0,13.5,Goalkeeper
31,Oliver Christensen,DEN,GK,Hertha BSC,Bundesliga,24,1999,33,33,2970,33,2.06,0.15,0.12,0.24,0,1.75,0.01,-0.31,6.18,17.76,29.61,5.03,1.09,7.12,1.65,14.73,1,2.12,1,90,2.06,4.94,2.85,0.18,0.24,0.58,0.09,0.18,0.15,0.03,0,18.8,Goalkeeper
32,Andrea Consigli,ITA,GK,Sassuolo,Serie A,36,1987,35,35,3150,35,1.57,0.09,0,0.14,0.06,1.1,0.01,-0.41,5.03,12.46,32.57,5.34,0.95,8.14,0.93,13.34,0.8,0.8,1,90,1.57,3.34,1.83,0.34,0.23,0.43,0.26,0.09,0.09,0,0,14.2,Goalkeeper
33,Alex Cordaz,ITA,GK,Inter,Serie A,40,1983,1,0,26,0.3,0,0,0,0,0,1.67,0.87,1.67,3.33,23.33,50,10,111.67,16.67,173.33,23.33,0,0,0,86.67,0,6.67,6.67,0,0,0,3.33,0,0,0,0,0,Goalkeeper
34,Benoît Costil,FRA,GK,Auxerre,Ligue 1,35,1987,19,19,1710,19,2.16,0.16,0,0.16,0,1.79,0.02,-0.37,6.95,15.37,23.89,3.79,1.94,7.21,2.72,15,0.16,0.58,1,90,2.16,5.05,2.89,0.16,0.21,0.63,0.11,0.16,0.16,0,0,13.1,Goalkeeper
35,Thibaut Courtois,BEL,GK,Real Madrid,La Liga,31,1992,31,31,2790,31,0.94,0.13,0,0.03,0,0.96,0.01,0.02,2.68,6.9,31.68,6.26,0.89,4.9,0.95,11.81,1.03,1.29,1,90,0.94,3.81,2.84,0.65,0.16,0.19,0.32,0.16,0.13,0.03,0,15.4,Goalkeeper
36,Alessio Cragno,ITA,GK,Monza,Serie A,28,1994,1,1,90,1,3,0,0,0,0,1.7,0.35,-1.3,2,4,25,4,22.6,6,33.3,7,0,2,1,90,3,5,2,0,0,1,0,0,0,0,0,25.7,Goalkeeper
37,Finn Dahmen,GER,GK,Mainz 05,Bundesliga,25,1998,8,8,720,8,2,0.12,0,0.38,0,1.69,0.03,-0.31,6,17.38,28.25,4.75,4.58,6.75,6.81,19.75,2.12,1,1,90,2,5.5,3.25,0.38,0.25,0.38,0,0.38,0.12,0.25,0,13.8,Goalkeeper
38,Rémy Descamps,FRA,GK,Nantes,Ligue 1,26,1996,1,1,90,1,1,0,0,0,0,1.5,0.25,0.5,5,9,20,9,33.2,6,46.5,11,1,0,1,90,1,6,5,0,1,0,0,0,0,0,0,7,Goalkeeper
39,Michele Di Gregorio,ITA,GK,Monza,Serie A,25,1997,37,37,3330,37,1.32,0.08,0.03,0.11,0.03,1.32,0.01,0.02,4.49,12.86,34.19,6.38,0.87,6.68,0.94,14.62,0.38,0.86,1,90,1.32,4.51,3.22,0.38,0.27,0.35,0.27,0.08,0.08,0,0,13.4,Goalkeeper
40,Mory Diaw,SEN,GK,Clermont Foot,Ligue 1,29,1993,37,37,3330,37,1.27,0.22,0,0.14,0,1.5,0.01,0.23,6.35,16.24,32.68,4.68,1,6.89,1.09,12.54,0.92,0.68,1,90,1.27,4.35,2.97,0.46,0.22,0.32,0.27,0.32,0.22,0.11,0,11.5,Goalkeeper
41,Stole Dimitrievski,MKD,GK,Rayo Vallecano,La Liga,29,1993,37,37,3324,36.9,1.33,0.11,0,0.24,0.11,1.2,0.01,-0.02,4.12,14.55,22.11,5.39,1.05,8.1,1.27,13.55,0.65,1.41,1,90.08,1.33,3.77,2.55,0.35,0.27,0.38,0.24,0.14,0.11,0,0.03,16.1,Goalkeeper
42,Yehvann Diouf,FRA,GK,Reims,Ligue 1,23,1999,31,31,2790,31,1,0.03,0.06,0.06,0.03,1.19,0.01,0.23,4.39,9.94,28.19,6.16,1.03,5.97,1.11,13.87,1.29,1.13,1,90,1,4.42,3.45,0.35,0.39,0.26,0.45,0.03,0.03,0,0,12.7,Goalkeeper
43,Ouparine Djoco,SEN,GK,Clermont Foot,Ligue 1,25,1998,1,1,90,1,2,0,0,0,0,1,0.34,-1,3,17,30,4,33.6,10,31.7,14,1,5,1,90,2,3,1,0,0,1,0,0,0,0,0,21.3,Goalkeeper
44,Marko Dmitrović,SRB,GK,Sevilla,La Liga,31,1992,15,13,1269,14.1,0.92,0,0,0.14,0.07,0.87,0.02,0.01,7.3,23.12,26.38,3.12,3.12,9.29,4.43,15.32,0.85,0.71,0.92,90,0.92,3.9,3.05,0.43,0.28,0.21,0.35,0,0,0,0,12.2,Goalkeeper
45,Gianluigi Donnarumma,ITA,GK,Paris S-G,Ligue 1,24,1999,38,38,3409,37.9,1.06,0.05,0.03,0.08,0.03,1.14,0.01,0.11,1.42,3.91,19.21,4.41,0.63,5.46,0.64,11.5,0.87,0.71,1,89.95,1.06,4.22,3.17,0.71,0.11,0.18,0.34,0.13,0.05,0.03,0.05,12.1,Goalkeeper
46,Bartłomiej Drągowski,POL,GK,Spezia,Serie A,25,1997,34,34,2946,32.7,1.65,0.12,0.03,0.21,0.09,1.41,0.01,-0.15,4.62,14.74,29.82,4.86,1.06,5.99,1.42,14.43,0.4,0.98,1.04,90.09,1.65,5.02,3.43,0.18,0.31,0.55,0.18,0.18,0.12,0.03,0.03,14.1,Goalkeeper
47,Martin Dúbravka,SVK,GK,Newcastle Utd,Premier League,34,1989,2,1,157,1.7,0.59,0,0,0,0.59,1.12,0.12,1.12,3.53,5.88,22.94,8.24,12.18,8.82,20.76,17.65,0.59,0,0.59,92.35,0.59,5.29,5.29,0,0.59,0,0,0,0,0,0,12.4,Goalkeeper
48,Maxime Dupé,FRA,GK,Toulouse,Ligue 1,30,1993,38,38,3420,38,1.5,0.11,0.05,0.21,0.08,1.43,0.01,0.01,3.58,9.55,26.47,4.63,0.78,6.95,0.98,13.61,0.79,0.55,1,90,1.5,4.71,3.21,0.34,0.24,0.42,0.24,0.18,0.11,0.08,0,10.1,Goalkeeper
49,Ederson,BRA,GK,Manchester City,Premier League,29,1993,35,35,3150,35,0.91,0.09,0.03,0.11,0.03,0.75,0.01,-0.14,3.34,7.51,31.54,4.2,0.8,4.34,0.92,8.17,0.54,0.94,1,90,0.91,2.2,1.31,0.74,0.11,0.14,0.31,0.09,0.09,0,0,15.7,Goalkeeper
50,Tjark Ernst,GER,GK,Hertha BSC,Bundesliga,20,2003,1,1,90,1,1,0,0,0,0,2.5,0.36,1.5,5,13,22,6,31.2,13,43.1,18,0,0,1,90,1,7,6,1,0,0,0,0,0,0,0,3.5,Goalkeeper
51,Łukasz Fabiański,POL,GK,West Ham,Premier League,38,1985,36,36,3111,34.6,1.39,0.06,0,0.09,0.03,1.33,0.01,-0.03,5.72,14.91,19.57,4.42,1.14,7.2,1.29,14.8,0.84,0.72,1.04,89.91,1.39,4.45,3.06,0.32,0.17,0.55,0.23,0.12,0.06,0.03,0.03,13,Goalkeeper
52,Ralf Fährmann,GER,GK,Schalke 04,Bundesliga,34,1988,12,12,1025,11.4,1.14,0.09,0,0.09,0.09,1.09,0.02,0.04,8.68,19.04,31.4,4.39,3.23,7.28,4.29,14.21,0.96,0.79,1.05,89.91,1.14,4.82,3.77,0.26,0.53,0.26,0.44,0.18,0.09,0,0.09,11.6,Goalkeeper
53,Wladimiro Falcone,ITA,GK,Lecce,Serie A,28,1995,38,38,3420,38,1.21,0.13,0.05,0.16,0.08,1.14,0.01,0.01,5.11,18.97,23.05,3.76,1.11,7.42,1.41,14.05,0.61,1.11,1,90,1.21,4.11,2.95,0.21,0.32,0.47,0.16,0.16,0.13,0.03,0,14.1,Goalkeeper
54,Aitor Fernández,ESP,GK,Osasuna,La Liga,32,1991,21,21,1890,21,0.9,0,0,0,0.05,0.84,0.01,-0.01,9.1,20.86,29.29,4.14,1.96,8.29,2.58,15.19,0.67,1.76,1,90,0.9,3.67,2.81,0.48,0.24,0.29,0.38,0,0,0,0,16.3,Goalkeeper
55,Álvaro Fernández,ESP,GK,Espanyol,La Liga,25,1998,11,11,990,11,1.64,0,0,0.36,0.09,1.38,0.03,-0.16,9.45,20.09,23,3.36,3.86,9.36,4.98,13.91,0.45,1.36,1,90,1.64,4.55,3,0.27,0.36,0.36,0.18,0,0,0,0,16.3,Goalkeeper
56,Fernando,ESP,GK,Almería,La Liga,32,1990,37,37,3285,36.5,1.67,0.11,0.03,0.11,0.03,1.66,0.01,0.01,5.45,15.26,26.49,5.78,1.01,9.34,1.18,16.82,1.07,0.71,1.01,90,1.67,5.29,3.62,0.3,0.22,0.49,0.11,0.16,0.11,0.03,0.03,12.4,Goalkeeper
57,Vincenzo Fiorillo,ITA,GK,Salernitana,Serie A,33,1990,1,1,90,1,2,0,0,0,0,1.9,0.49,-0.1,7,15,19,3,37.9,5,56.2,7,1,0,1,90,2,4,2,1,0,0,0,0,0,0,0,6,Goalkeeper
58,Mark Flekken,NED,GK,Freiburg,Bundesliga,29,1993,34,34,3060,34,1.29,0.15,0,0.12,0,1.36,0.01,0.07,7.97,19.56,36.21,3.56,1.11,6.79,1.71,12.76,0.94,1.26,1,90,1.29,4.41,3.12,0.5,0.24,0.26,0.38,0.18,0.15,0,0.03,15,Goalkeeper
59,Yahia Fofana,FRA,GK,Angers,Ligue 1,22,2000,11,11,990,11,1.73,0.09,0,0.27,0.09,1.49,0.02,-0.15,3,11.36,23.27,6.36,3.05,6.27,3.79,13,1.55,0.82,1,90,1.73,4.91,3.18,0.27,0.09,0.64,0.09,0.18,0.09,0.09,0,11.8,Goalkeeper
60,Fraser Forster,ENG,GK,Tottenham,Premier League,35,1988,14,13,1215,13.5,1.78,0.15,0.07,0.3,0,1.58,0.03,-0.2,2.67,9.19,19.93,5.26,2.24,6.89,2.79,14.3,0.37,1.19,0.96,90,1.78,4.07,2.22,0.37,0.22,0.37,0.22,0.22,0.15,0.07,0,15.2,Goalkeeper
61,Gauthier Gallon,FRA,GK,Troyes,Ligue 1,30,1993,30,30,2667,29.6,2.2,0.17,0,0.27,0.07,1.85,0.01,-0.27,3.61,13.21,23.89,4.86,1.12,8.14,1.5,16.76,1.11,0.3,1.01,90.1,2.2,5.98,3.85,0.1,0.3,0.61,0,0.17,0.17,0,0,8.8,Goalkeeper
62,Joan García,ESP,GK,Espanyol,La Liga,22,2001,1,1,90,1,3,1,0,0,0,1.8,0.21,-1.2,2,6,27,4,21.7,3,47.3,16,2,1,1,90,3,4,1,0,1,0,0,1,1,0,0,13,Goalkeeper
63,Paulo Gazzaniga,ARG,GK,Girona,La Liga,31,1992,28,28,2520,28,1.32,0.14,0,0.14,0,1.62,0.01,0.3,5.21,14.29,29.36,5.04,1.16,8.64,1.71,17.04,1.32,1.36,1,90,1.32,4.46,3.11,0.39,0.29,0.32,0.14,0.21,0.14,0.04,0.04,15.1,Goalkeeper
64,David de Gea,ESP,GK,Manchester Utd,Premier League,32,1990,38,38,3420,38,1.13,0.05,0.05,0.16,0.03,1.09,0.01,-0.02,3.71,11.82,27.16,3.37,0.85,4.71,1.24,13.84,0.39,0.84,1,90,1.13,3.74,2.61,0.61,0.16,0.24,0.45,0.08,0.05,0.03,0,14.8,Goalkeeper
65,Rafał Gikiewicz,POL,GK,Augsburg,Bundesliga,35,1987,23,23,2070,23,1.78,0.04,0.04,0.17,0,1.8,0.01,0.01,8.04,19.65,39.83,5.52,1.43,10.17,2.13,15.78,0.91,1.96,1,90,1.78,5.91,4.04,0.35,0.13,0.52,0.22,0.17,0.04,0.09,0.04,16.7,Goalkeeper
66,David Gil,ESP,GK,Cádiz,La Liga,29,1994,4,4,360,4,1.25,0.25,0,0.25,0,1.58,0.06,0.32,8.5,23.5,23.25,3.75,11.6,9,16.27,14,0.5,1,1,90,1.25,5.75,4.5,0.25,0.25,0.5,0.25,0.25,0.25,0,0,13.6,Goalkeeper
67,Pierluigi Gollini,ITA,GK,Fiorentina,Serie A,28,1995,3,3,270,3,0.67,0,0,0.33,0,0.57,0.07,-0.1,4.33,12.67,38.33,5.67,10.8,3.67,16.43,8,0.33,0,1,90,0.67,2.67,2,0.33,0.67,0,0.67,0,0,0,0,9.3,Goalkeeper
68,Pierluigi Gollini,ITA,GK,Napoli,Serie A,28,1995,4,4,360,4,1,0,0,0.25,0,0.78,0.05,-0.22,3.75,9,32,6,7.4,7.75,8.05,14,0.5,1,1,90,1,4,3,0.5,0.25,0.25,0.5,0,0,0,0,18.8,Goalkeeper
69,Antonio Gomis,ESP,GK,Atlético Madrid,La Liga,20,2003,1,0,6,0.1,10,0,0,0,0,6,6.4,-4,0,30,20,0,585,10,940,30,0,0,0,60,10,10,0,0,0,0,0,0,0,0,0,1,Goalkeeper
70,Ivo Grbić,CRO,GK,Atlético Madrid,La Liga,27,1996,12,10,922,10.2,1.18,0.29,0,0.39,0,1.35,0.02,0.18,4.51,14.51,22.55,4.9,3.34,9.71,4.65,20.98,2.25,0.69,0.98,90.39,1.18,4.71,3.53,0.59,0.29,0.1,0.2,0.29,0.29,0,0,9.2,Goalkeeper
71,Dominik Greif,SVK,GK,Mallorca,La Liga,26,1997,1,1,90,1,3,0,0,0,0,2.2,0.28,-0.8,19,34,23,2,54.9,15,64.5,19,2,0,1,90,3,8,5,0,0,1,0,0,0,0,0,4,Goalkeeper
72,Lennart Grill,GER,GK,Union Berlin,Bundesliga,24,1999,5,5,450,5,2.2,0.4,0,0.2,0,1.8,0.06,-0.4,9.6,21.6,39.4,5.6,7.42,3.4,11.04,9.4,1.6,1.4,1,90,2.2,5,2.8,0.4,0.2,0.4,0.4,0.4,0.4,0,0,15.1,Goalkeeper
73,Vicente Guaita,ESP,GK,Crystal Palace,Premier League,36,1987,27,27,2430,27,1.26,0.07,0,0.15,0.07,1.2,0.01,0.01,4.26,11.85,23.52,5.19,1.2,7.63,1.39,15.19,0.96,0.96,1,90,1.26,4.3,3.11,0.26,0.33,0.41,0.22,0.07,0.07,0,0,13.1,Goalkeeper
74,Péter Gulácsi,HUN,GK,RB Leipzig,Bundesliga,33,1990,6,6,540,6,1.67,0.17,0,0.33,0.17,1.68,0.06,0.18,1.83,6.17,29.83,6.17,4.4,6,4.93,10.17,0.5,1.67,1,90,1.67,4.33,2.83,0.33,0.33,0.33,0.33,0.17,0.17,0,0,19.4,Goalkeeper
75,Samir Handanović,SVN,GK,Inter,Serie A,38,1984,14,14,1234,13.7,1.31,0.07,0,0.07,0.07,1.09,0.02,-0.15,3.28,6.35,37.08,5.18,1.8,5.18,1.86,10.88,0.15,0.73,1.02,90.07,1.31,3.8,2.55,0.66,0,0.36,0.29,0.07,0.07,0,0,15.4,Goalkeeper
76,Dean Henderson,ENG,GK,Nott'ham Forest,Premier League,26,1997,18,18,1620,18,1.72,0.11,0.06,0.28,0,1.49,0.02,-0.23,6,18.56,28.5,5.94,2.14,8.67,2.52,16.17,1.11,1.5,1,90,1.72,4.72,2.89,0.28,0.28,0.44,0.33,0.28,0.11,0.11,0.06,15.6,Goalkeeper
77,Wayne Hennessey,WAL,GK,Nott'ham Forest,Premier League,36,1987,4,3,271,3,1.67,0,0,0.33,0,1.3,0.09,-0.37,7.67,19.33,24,4.33,14.4,8.33,18.17,11.67,0.33,0.67,1,90.33,1.67,4.67,3,0,0.67,0.33,0.33,0,0,0,0,17,Goalkeeper
78,Sergio Herrera,ESP,GK,Osasuna,La Liga,30,1993,17,17,1530,17,1.35,0.06,0.06,0.18,0.06,1.26,0.02,-0.04,8.88,20.65,27.94,3.41,2.51,7.94,2.84,12.65,0.94,1.18,1,90,1.35,4.18,2.82,0.29,0.18,0.53,0.18,0.24,0.06,0.06,0.12,18.5,Goalkeeper
79,Lukáš Hrádecký,FIN,GK,Leverkusen,Bundesliga,33,1989,33,33,2969,33,1.42,0.21,0.03,0.15,0.06,1.25,0.01,-0.11,3.55,11.3,27.24,4.48,0.97,6.12,1.17,12.24,0.82,0.79,1,89.97,1.42,4.3,2.94,0.42,0.24,0.33,0.27,0.21,0.21,0,0,14.1,Goalkeeper
80,Daniel Iversen,DEN,GK,Leicester City,Premier League,25,1997,12,12,1080,12,1.83,0.17,0.17,0.17,0.08,1.58,0.02,-0.18,3.17,16.17,21.75,4.08,3.1,9.5,3.85,16.92,1.33,0.5,1,90,1.83,4.92,3.17,0.17,0.33,0.5,0.08,0.17,0.17,0,0,10.3,Goalkeeper
81,Jan Jakob Olschowsky,GER,GK,M'Gladbach,Bundesliga,21,2001,4,4,360,4,2.75,0.25,0,0.25,0,2.85,0.1,0.1,2.75,9.25,30.75,6.25,7.62,9,5.22,14.75,1.5,1,1,90,2.75,7.75,5,0.25,0.25,0.5,0,0.25,0.25,0,0,12.9,Goalkeeper
82,Sam Johnstone,ENG,GK,Crystal Palace,Premier League,30,1993,9,9,810,9,1.11,0.22,0,0.44,0.11,1.11,0.03,0.11,3.33,11,25.89,4.56,3.53,5.11,4.76,11.56,0.22,1.22,1,90,1.11,3.78,2.78,0.44,0.33,0.22,0.33,0.22,0.22,0,0,15.4,Goalkeeper
83,Filip Jörgensen,DEN,GK,Villarreal,La Liga,21,2002,2,2,180,2,1.5,0,0,0,0,1.15,0.2,-0.35,0,2,22,4.5,11.4,5.5,8.75,9,1,2,1,90,1.5,3,1.5,0,0.5,0.5,0,0,0,0,0,13.3,Goalkeeper
84,Bingourou Kamara,SEN,GK,Montpellier,Ligue 1,26,1996,5,4,408,4.5,2.44,0.22,0,0.44,0,2.02,0.06,-0.42,4,12.67,21.11,4.22,7.87,7.78,8.87,11.56,0.67,0.44,0.89,90.67,2.44,5.56,2.89,0,0.22,0.67,0,0.67,0.22,0.22,0.22,11.2,Goalkeeper
85,Caoimhín Kelleher,IRL,GK,Liverpool,Premier League,24,1998,1,1,90,1,4,0,0,0,0,2.9,0.34,-1.1,2,2,22,7,24.3,2,20.5,3,0,0,1,90,4,10,6,0,1,0,0,0,0,0,0,9,Goalkeeper
86,Gregor Kobel,SUI,GK,Dortmund,Bundesliga,25,1997,27,27,2430,27,1.19,0.04,0,0.19,0.04,1.25,0.01,0.1,3.7,9.33,31.67,4.52,1.07,7.11,1.35,10.93,0.56,1.37,1,90,1.19,4.41,3.26,0.7,0.11,0.19,0.41,0.04,0.04,0,0,17.1,Goalkeeper
87,Tomáš Koubek,CZE,GK,Augsburg,Bundesliga,30,1992,11,11,990,11,2,0,0.09,0,0.18,2,0.03,0.18,7,20.45,37.64,4.36,3.32,8.73,4.77,16,0.91,2,1,90,2,5.91,4.09,0.09,0.36,0.55,0.09,0,0,0,0,16.8,Goalkeeper
88,Alban Lafont,FRA,GK,Nantes,Ligue 1,24,1999,37,37,3329,37,1.46,0.24,0.03,0.16,0.11,1.48,0.01,0.13,5.11,13.95,25.46,5.46,0.96,6.68,1.33,13.32,1.14,1.05,1,89.97,1.46,4.84,3.49,0.19,0.38,0.43,0.3,0.24,0.24,0,0,12.3,Goalkeeper
89,Jean-Louis Leca,FRA,GK,Lens,Ligue 1,37,1985,1,1,90,1,1,0,0,0,0,1.6,0.4,0.6,9,14,29,5,36.8,10,20.4,20,1,0,1,90,1,4,3,1,0,0,0,0,0,0,0,8.2,Goalkeeper
90,Benjamin Lecomte,FRA,GK,Espanyol,La Liga,32,1991,10,10,899,10,1.4,0,0,0.2,0.1,1.04,0.03,-0.26,7.2,16,19.2,2.5,4.31,8,4.7,14.6,0.4,1.1,1,89.9,1.4,4,2.7,0.1,0.5,0.4,0.1,0,0,0,0,15.3,Goalkeeper
91,Benjamin Lecomte,FRA,GK,Montpellier,Ligue 1,32,1991,19,19,1710,19,1.16,0.11,0,0.11,0,1.55,0.02,0.39,6.11,16.95,25,3.79,1.99,8.68,2.33,14.37,0.79,0.68,1,90,1.16,5.05,3.79,0.53,0.16,0.32,0.42,0.21,0.11,0.11,0,10.8,Goalkeeper
92,Jeremías Ledesma,ARG,GK,Cádiz,La Liga,30,1993,34,34,3060,34,1.41,0.24,0.03,0.18,0,1.39,0.01,-0.03,6.94,21.62,24.24,3.97,1.32,8.38,1.89,17.5,1.24,0.76,1,90,1.41,5.26,3.82,0.26,0.32,0.41,0.35,0.26,0.24,0.03,0,10.8,Goalkeeper
93,Bernd Leno,GER,GK,Fulham,Premier League,31,1992,36,36,3240,36,1.42,0.19,0.03,0.22,0.06,1.61,0.01,0.25,3.44,10.86,32.03,5.28,0.83,6.72,1,12.89,0.97,1.28,1,90,1.42,5.33,3.94,0.42,0.14,0.44,0.22,0.22,0.19,0.03,0,15,Goalkeeper
94,Donovan Léon,GUF,GK,Auxerre,Ligue 1,30,1992,2,2,180,2,1,0.5,0,0,0,0.95,0.06,-0.05,9.5,28.5,27.5,4,23.2,12,33.05,20.5,0,1,1,90,1,5.5,4.5,0.5,0.5,0,0,0.5,0.5,0,0,12.9,Goalkeeper
95,Benjamin Leroy,FRA,GK,Ajaccio,Ligue 1,34,1989,32,32,2798,31.1,1.93,0.26,0.03,0.32,0.03,1.53,0.01,-0.36,6.85,16.78,21.13,2.48,1.24,6.82,1.68,12.51,0.58,1.74,1.03,89.97,1.93,4.28,2.38,0.19,0.13,0.71,0.13,0.29,0.26,0,0.03,16.9,Goalkeeper
96,Alexandre Letellier,FRA,GK,Paris S-G,Ligue 1,32,1990,1,0,11,0.1,0,0,0,0,0,0,0,0,0,0,30,0,190,10,110,10,0,0,0,110,0,0,0,0,0,0,0,0,0,0,0,0,Goalkeeper
97,Mateusz Lis,POL,GK,Troyes,Ligue 1,26,1997,9,8,751,8.3,1.93,0.24,0,0.24,0,1.98,0.03,0.05,4.7,15.3,28.31,4.94,4.24,9.4,4.51,18.55,1.45,1.57,0.96,90.48,1.93,6.14,4.1,0.12,0.36,0.48,0.12,0.36,0.24,0.12,0,14.4,Goalkeeper
98,Hugo Lloris,FRA,GK,Tottenham,Premier League,36,1986,25,25,2205,24.5,1.59,0.04,0,0.12,0.04,1.38,0.01,-0.17,3.14,8.9,22,4.45,1.28,7.59,1.05,13.14,0.82,1.18,1.02,90,1.59,4.78,3.22,0.53,0.12,0.37,0.29,0.04,0.04,0,0,13.8,Goalkeeper
99,Anthony Lopes,POR,GK,Lyon,Ligue 1,32,1990,32,32,2816,31.3,1.25,0.22,0.06,0.16,0.06,1.32,0.01,0.14,3.64,10.13,26.77,4.28,1.02,5.85,1.02,11.44,0.61,0.8,1.02,89.97,1.25,4.19,3,0.51,0.13,0.38,0.22,0.22,0.22,0,0,13.9,Goalkeeper
100,Diego López,ESP,GK,Rayo Vallecano,La Liga,41,1981,2,1,96,1.1,3.64,0,0,1.82,0,1.55,0.3,-2.09,1.82,7.27,19.09,4.55,27.55,7.27,32.09,10.91,0,1.82,0.91,87.27,3.64,4.55,0.91,0,0,0.91,0,0,0,0,0,17,Goalkeeper
101,Pau López,ESP,GK,Marseille,Ligue 1,28,1994,33,32,2925,32.5,1.05,0.15,0,0.18,0.03,1.04,0.01,0.02,3.45,9.97,28.95,4.06,0.95,5.29,1.24,11.38,0.68,1.14,0.98,90,1.05,3.78,2.77,0.65,0.12,0.22,0.31,0.15,0.15,0,0,15.4,Goalkeeper
102,Andriy Lunin,UKR,GK,Real Madrid,La Liga,24,1999,7,7,630,7,1,0,0,0.14,0.14,0.64,0.04,-0.21,2,3.86,27.14,5.14,3.33,5.29,5.09,7.71,0.14,1.57,1,90,1,2.57,1.71,0.57,0.14,0.29,0.43,0,0,0,0,21.7,Goalkeeper
103,Andrey Lunyov,RUS,GK,Leverkusen,Bundesliga,31,1991,1,1,90,1,2,0,0,0,0,1.4,0.35,-0.6,4,10,41,7,30.3,3,15.3,6,1,1,1,90,2,4,2,0,0,1,0,0,0,0,0,13,Goalkeeper
104,Mike Maignan,FRA,GK,Milan,Serie A,27,1995,22,22,1978,22,0.95,0.09,0.05,0.09,0,0.92,0.01,-0.03,3.45,8.77,32.95,5.41,1.35,3.86,1.6,10.05,0.68,1.45,1,89.91,0.95,2.82,1.82,0.5,0.32,0.18,0.36,0.14,0.09,0.05,0,17.8,Goalkeeper
105,Giorgi Mamardashvili,GEO,GK,Valencia,La Liga,22,2000,38,38,3420,38,1.18,0.05,0,0.18,0.05,1.13,0.01,0,4.66,13.74,22.18,3.74,0.92,6.29,1.43,12.03,0.92,1.24,1,90,1.18,3.89,2.76,0.29,0.24,0.47,0.18,0.13,0.05,0,0.08,16.3,Goalkeeper
106,Steve Mandanda,FRA,GK,Rennes,Ligue 1,38,1985,34,34,3014,33.5,0.93,0.06,0,0.15,0.03,0.97,0.01,0.07,4.87,12.54,30.51,4.96,0.94,5.73,1.24,11.4,1.04,1.52,1.01,89.97,0.93,3.28,2.36,0.57,0.15,0.3,0.36,0.09,0.06,0.03,0,16.7,Goalkeeper
107,Vito Mannone,ITA,GK,Lorient,Ligue 1,35,1988,18,17,1608,17.9,1.34,0.06,0.11,0.11,0,1.41,0.02,0.07,3.13,9.83,26.31,5.64,1.65,6.26,2.09,19.22,0.67,0.5,0.95,89.83,1.34,4.69,3.35,0.22,0.34,0.39,0.28,0.06,0.06,0,0,10.6,Goalkeeper
108,Agustín Marchesín,ARG,GK,Celta Vigo,La Liga,35,1988,19,19,1710,19,1.53,0.11,0.05,0.21,0.05,1.09,0.01,-0.38,5.42,14.05,26.32,3.95,1.86,6.89,2.26,13.32,0.74,1.32,1,90,1.53,3.79,2.21,0.26,0.26,0.47,0.32,0.21,0.11,0.11,0,18.1,Goalkeeper
109,Federico Marchetti,ITA,GK,Spezia,Serie A,40,1983,1,0,66,0.7,2.86,0,0,0,0,2.14,0.69,-0.71,2.86,5.71,14.29,2.86,34.71,11.43,46.29,11.43,0,1.43,0,94.29,2.86,4.29,1.43,0,0,0,0,0,0,0,0,22,Goalkeeper
110,Diego Mariño,ESP,GK,Almería,La Liga,33,1990,1,0,45,0.5,4,0,0,0,0,2.8,0.56,-1.2,4,6,6,2,71.4,10,91.2,24,0,0,0,90,4,10,6,0,0,0,0,0,0,0,0,7,Goalkeeper
111,Emiliano Martínez,ARG,GK,Aston Villa,Premier League,30,1992,36,36,3139,34.9,1.09,0.11,0.03,0.17,0.11,1.05,0.01,0.07,5.7,14.99,33.55,3.87,0.95,6.07,1.17,13.84,1.72,2.09,1.03,89.94,1.09,3.78,2.78,0.49,0.2,0.34,0.32,0.14,0.11,0.03,0,16.6,Goalkeeper
112,Jordi Masip,ESP,GK,Valladolid,La Liga,34,1989,28,28,2507,27.9,1.51,0.18,0,0,0.04,1.64,0.01,0.17,4.77,13.94,25.88,4.34,1.29,8.57,1.5,14.19,0.54,0.5,1,89.86,1.51,5.2,3.62,0.32,0.18,0.5,0.29,0.32,0.18,0.11,0.04,12.7,Goalkeeper
113,Luís Maximiano,POR,GK,Lazio,Serie A,24,1999,1,1,5,0.1,0,0,0,0,0,0,0,0,20,30,0,10,0,0,0,0,0,0,10,50,0,0,0,10,0,0,0,0,0,0,0,19,Goalkeeper
114,Alex McCarthy,ENG,GK,Southampton,Premier League,33,1989,6,6,540,6,2.83,0.17,0,0.17,0.17,1.82,0.06,-0.85,3.67,18.83,32.33,4.83,6.08,8.67,5.17,15.33,1,1.17,1,90,2.83,5,2.33,0,0.17,0.83,0,0.17,0.17,0,0,13.5,Goalkeeper
115,Edouard Mendy,SEN,GK,Chelsea,Premier League,31,1992,10,9,855,9.5,1.47,0,0,0.42,0,1.25,0.03,-0.22,2.84,8.11,23.79,4.95,2.91,6.63,3.62,13.47,0.95,1.16,0.95,90,1.47,4.11,2.63,0.32,0.21,0.42,0.11,0,0,0,0,13.7,Goalkeeper
116,Alex Meret,ITA,GK,Napoli,Serie A,26,1997,34,34,3060,34,0.71,0.03,0,0.03,0,0.74,0.01,0.03,1.65,4.26,21.56,3.56,0.77,5.82,0.79,9.85,0.32,1.15,1,90,0.71,2.68,1.94,0.76,0.15,0.09,0.47,0.06,0.03,0.03,0,17,Goalkeeper
117,Illan Meslier,FRA,GK,Leeds United,Premier League,23,2000,34,34,3060,34,1.97,0.09,0.03,0.21,0.03,1.58,0.01,-0.36,3.12,13.21,23.35,5.71,0.99,7.12,1.28,12.71,1,1.94,1,90,1.97,4.65,2.71,0.21,0.26,0.53,0.15,0.09,0.09,0,0,15.8,Goalkeeper
118,Alexander Meyer,GER,GK,Dortmund,Bundesliga,32,1991,7,7,630,7,1.71,0,0,0.29,0,1.13,0.04,-0.59,3.43,8.57,39.71,5,3.9,6.29,5,13,1.14,2.57,1,90,1.71,4.57,2.86,0.43,0.29,0.29,0.14,0,0,0,0,19.8,Goalkeeper
119,Vanja Milinković-Savić,SRB,GK,Torino,Serie A,26,1997,38,38,3420,38,1.08,0.13,0,0.16,0,0.94,0.01,-0.14,7.5,24.71,39.63,4.87,1.04,7.53,1.84,12.34,0.95,1.84,1,90,1.08,3.58,2.5,0.37,0.29,0.34,0.29,0.16,0.13,0,0.03,16.2,Goalkeeper
120,Antonio Mirante,ITA,GK,Milan,Serie A,39,1983,1,0,2,0,,,,,,,,,,,inf,,inf,inf,inf,,,,,inf,,,,,,,,,,,,0,Goalkeeper
121,Lorenzo Montipò,ITA,GK,Hellas Verona,Serie A,27,1996,37,37,3330,37,1.59,0.03,0.03,0.11,0.08,1.34,0.01,-0.17,9.73,20.95,24.46,3.35,1.2,7.68,1.41,13.41,0.7,1.49,1,90,1.59,4.89,3.35,0.19,0.24,0.57,0.14,0.05,0.03,0.03,0,15.3,Goalkeeper
122,Florian Müller,GER,GK,Stuttgart,Bundesliga,25,1997,19,19,1710,19,1.79,0.05,0.11,0.16,0,1.43,0.02,-0.36,5.16,11.16,31.53,5.16,1.54,7,1.93,13.68,0.32,1.47,1,90,1.79,4.58,2.79,0.16,0.37,0.47,0.05,0.05,0.05,0,0,18.9,Goalkeeper
123,Juan Musso,ARG,GK,Atalanta,Serie A,29,1994,24,24,2077,23.1,1.17,0.09,0,0.13,0.09,0.94,0.01,-0.14,4.72,11.95,23.68,6.58,1.39,6.8,2.1,10.95,0.61,1.04,1.04,89.91,1.17,3.85,2.77,0.56,0.17,0.3,0.3,0.09,0.09,0,0,15.6,Goalkeeper
124,Yvon Mvogo,SUI,GK,Lorient,Ligue 1,29,1994,21,21,1812,20.1,1.44,0.05,0,0.2,0.05,1.35,0.01,-0.04,4.28,11.34,23.53,4.23,1.6,7.21,1.82,18.96,1.04,0.35,1.04,90.15,1.44,4.88,3.48,0.55,0.2,0.3,0.15,0.05,0.05,0,0,8.5,Goalkeeper
125,Keylor Navas,CRC,GK,Nott'ham Forest,Premier League,36,1986,17,17,1529,17,1.88,0.24,0.06,0.18,0,1.72,0.02,-0.16,6.24,18.82,22.24,3.82,2.43,8.88,2.83,17.35,0.82,0.53,1,89.94,1.88,4.88,3,0.24,0.24,0.53,0.06,0.24,0.24,0,0,9.2,Goalkeeper
126,Neto,BRA,GK,Bournemouth,Premier League,33,1989,27,27,2385,26.5,1.47,0.15,0,0.3,0.04,1.5,0.01,0.06,6.04,16.49,22.68,5.13,1.43,8.72,1.68,19.25,1.32,0.94,1.02,90,1.47,5.21,3.77,0.34,0.23,0.45,0.23,0.19,0.15,0,0.04,12.1,Goalkeeper
127,Manuel Neuer,GER,GK,Bayern Munich,Bundesliga,37,1986,12,12,1080,12,0.92,0.17,0,0,0,1.22,0.02,0.31,3.25,6.58,36.25,6.75,2.23,5.75,1.98,8.58,0.33,1.92,1,90,0.92,3.67,2.75,0.58,0.33,0.08,0.33,0.17,0.17,0,0,19.5,Goalkeeper
128,Alexander Nübel,GER,GK,Monaco,Ligue 1,26,1996,38,38,3420,38,1.53,0.13,0.03,0.11,0.08,1.3,0.01,-0.14,4.97,11.71,23.03,5.34,0.86,7,1.2,11.95,0.95,0.87,1,90,1.53,5.13,3.68,0.5,0.21,0.29,0.24,0.13,0.13,0,0,12.7,Goalkeeper
129,Ørjan Nyland,NOR,GK,RB Leipzig,Bundesliga,32,1990,2,2,180,2,1,0,0,0.5,0.5,0.9,0.18,0.4,5.5,16.5,41.5,4.5,16.8,7.5,18.35,14,0,0,1,90,1,2.5,2,1,0,0,0.5,0,0,0,0,12.5,Goalkeeper
130,Jan Oblak,SVN,GK,Atlético Madrid,La Liga,30,1993,28,28,2492,27.7,0.72,0.04,0.04,0.04,0,0.79,0.01,0.07,4.33,13.5,21.16,4.15,1.3,8.23,1.66,12.92,0.9,0.69,1.01,89.96,0.72,2.85,2.13,0.61,0.18,0.22,0.4,0.07,0.04,0,0.04,14.2,Goalkeeper
131,Guillermo Ochoa,MEX,GK,Salernitana,Serie A,37,1985,20,20,1800,20,1.65,0.15,0.05,0.3,0,1.74,0.02,0.09,6.75,21.5,27.8,2.25,2.04,10,2.36,15.55,0.55,0.5,1,90,1.65,5.25,3.55,0.2,0.5,0.3,0.2,0.2,0.15,0.05,0,12.3,Goalkeeper
132,Robin Olsen,SWE,GK,Aston Villa,Premier League,33,1990,4,2,281,3.1,2.58,0.32,0,0.97,0,2,0.09,-0.58,4.84,20,32.58,5.81,12.13,9.03,15.1,14.52,1.61,0.97,0.65,90.65,2.58,6.13,3.55,0.32,0,0.32,0.32,0.32,0.32,0,0,14.2,Goalkeeper
133,Jonas Omlin,SUI,GK,Montpellier,Ligue 1,29,1994,14,14,1166,13,2,0.23,0,0.15,0.15,1.85,0.02,0.01,4.08,12.38,25.38,5.92,2.44,6.54,3.64,16.08,1.08,0.92,1.08,89.69,2,5.62,3.69,0.38,0.08,0.62,0.15,0.31,0.23,0.08,0,12,Goalkeeper
134,Jonas Omlin,SUI,GK,M'Gladbach,Bundesliga,29,1994,15,15,1290,14.3,1.26,0.14,0,0,0,1.27,0.02,0.01,3.99,12.38,44.62,5.17,2.01,6.99,2.47,15.38,1.05,1.4,1.05,90.21,1.26,3.92,2.66,0.35,0.28,0.42,0.35,0.14,0.14,0,0,14.8,Goalkeeper
135,André Onana,CMR,GK,Inter,Serie A,27,1996,24,24,2160,24,1,0.08,0,0.21,0.08,0.8,0.01,-0.11,4.38,11.25,36.46,4.79,1.23,6.33,1.48,11.79,0.62,0.42,1,90,1,3.46,2.54,0.58,0.12,0.29,0.33,0.08,0.08,0,0,12.5,Goalkeeper
136,Stefan Ortega,GER,GK,Manchester City,Premier League,30,1992,3,3,270,3,0.33,0,0,0,0,1.37,0.09,1.03,3.67,8,51.67,5.33,7.97,4,6.77,8.67,0.33,2.33,1,90,0.33,5,4.67,0.67,0.33,0,0.67,0,0,0,0,21.1,Goalkeeper
137,Fernando Pacheco,ESP,GK,Almería,La Liga,31,1992,1,1,90,1,2,0,0,1,0,1.6,0.32,-0.4,3,12,26,8,40.2,4,36,16,1,2,1,90,2,5,3,0,0,1,0,0,0,0,0,14.5,Goalkeeper
138,Fernando Pacheco,ESP,GK,Espanyol,La Liga,31,1992,16,16,1440,16,2.06,0.25,0,0.19,0,1.66,0.02,-0.4,7.94,17,26.06,3.5,2.26,8.56,3.1,15.12,1,1.19,1,90,2.06,5.5,3.38,0.25,0.19,0.56,0.19,0.31,0.25,0.06,0,13.8,Goalkeeper
139,Rui Patrício,POR,GK,Roma,Serie A,35,1988,35,35,3150,35,1,0.06,0.03,0.11,0.03,0.79,0.01,-0.18,3.86,9.37,18.4,3.46,0.96,6.86,0.99,11.49,0.46,0.71,1,90,1,3.09,2.09,0.49,0.23,0.29,0.37,0.09,0.06,0.03,0,13.8,Goalkeeper
140,Jiří Pavlenka,CZE,GK,Werder Bremen,Bundesliga,31,1992,33,33,2908,32.3,1.89,0.06,0,0.15,0.06,1.61,0.01,-0.22,6.13,15.39,27.65,4.71,1.12,8.64,1.33,14.89,0.68,1.18,1.02,90.03,1.89,5.26,3.41,0.31,0.15,0.56,0.12,0.09,0.06,0.03,0,14.9,Goalkeeper
141,Gianluca Pegolo,ITA,GK,Sassuolo,Serie A,42,1981,2,2,180,2,1.5,0.5,0,0,0,1.6,0.19,0.1,4.5,9,30.5,5,14.85,8,14.15,14,1,0,1,90,1.5,3,1.5,0,0.5,0.5,0,0.5,0.5,0,0,9,Goalkeeper
142,Iñaki Peña,ESP,GK,Barcelona,La Liga,24,1999,2,0,73,0.8,2.5,0,0,0,0,1.75,0.45,-0.75,1.25,3.75,28.75,6.25,31.5,5,28.5,8.75,0,2.5,0,91.25,2.5,5,2.5,0,0,0,0,0,0,0,0,16.5,Goalkeeper
143,Patrick Pentz,AUT,GK,Reims,Ligue 1,26,1997,7,7,630,7,2,0.29,0,0.29,0.14,1.7,0.05,-0.16,4.14,13.43,21.71,3.57,5.19,8.43,5.53,14.71,1.14,0.57,1,90,2,4.14,2.29,0.14,0.43,0.43,0,0.29,0.29,0,0,12.2,Goalkeeper
144,Simone Perilli,ITA,GK,Hellas Verona,Serie A,28,1995,1,1,90,1,0,0,0,0,0,0.8,0.19,0.8,6,30,21,0,57.3,13,69.8,19,1,1,1,90,0,4,4,0,1,0,1,0,0,0,0,12,Goalkeeper
145,Mattia Perin,ITA,GK,Juventus,Serie A,30,1992,11,10,948,10.5,0.67,0.1,0,0.1,0,1.07,0.02,0.4,3.05,10.19,27.33,5.14,2.93,6,3.42,14.67,0.38,1.05,0.95,90.29,0.67,3.81,3.05,0.48,0.29,0.19,0.57,0.19,0.1,0.1,0,15.7,Goalkeeper
146,Samuele Perisan,ITA,GK,Empoli,Serie A,25,1997,7,7,630,7,1.29,0,0,0.29,0,1.07,0.04,-0.21,3.57,10.71,21.86,5.57,4.67,10.71,4.9,19.14,0.71,0.57,1,90,1.29,3.43,2.14,0.14,0.14,0.71,0.29,0,0,0,0,11.6,Goalkeeper
147,Jordan Pickford,ENG,GK,Everton,Premier League,29,1994,37,37,3330,37,1.54,0.14,0.05,0.11,0,1.62,0.01,0.08,7.3,21.65,26.81,4.08,1.16,8.51,1.42,15.3,0.59,1.41,1,90,1.54,4.89,3.32,0.19,0.32,0.49,0.22,0.16,0.14,0.03,0,16.2,Goalkeeper
148,Nick Pope,ENG,GK,Newcastle Utd,Premier League,31,1992,37,37,3261,36.2,0.88,0.06,0,0.22,0.03,0.86,0.01,0.01,3.31,10.17,18.87,6.41,0.91,5.72,1.4,11.35,0.94,2.04,1.02,90.08,0.88,3.26,2.35,0.52,0.36,0.14,0.39,0.14,0.06,0.06,0.03,18.2,Goalkeeper
149,Ivan Provedel,ITA,GK,Lazio,Serie A,29,1994,38,37,3413,37.9,0.79,0.03,0,0.13,0.03,0.83,0.01,0.06,4.17,9.84,29.58,4.38,0.85,5.22,0.88,13.01,0.55,1.45,0.98,90.05,0.79,3.38,2.61,0.55,0.21,0.21,0.55,0.05,0.03,0,0.03,16.5,Goalkeeper
150,Ghjuvanni Quilichini,FRA,GK,Ajaccio,Ligue 1,20,2002,1,0,82,0.9,0,0,0,0,0,0.89,0.27,0.89,6.67,26.67,28.89,2.22,48.67,8.89,67.78,27.78,2.22,0,0,91.11,0,4.44,4.44,0,0,0,1.11,0,0,0,0,7.5,Goalkeeper
151,Ionuț Radu,ROU,GK,Cremonese,Serie A,26,1997,9,9,810,9,2.11,0.33,0,0.33,0,2.33,0.03,0.22,4.22,15.89,29.44,3.78,4.14,7.44,5.14,11.89,0.67,1,1,90,2.11,7.11,5,0,0.33,0.67,0.11,0.33,0.33,0,0,14.5,Goalkeeper
152,Ionuț Radu,ROU,GK,Auxerre,Ligue 1,26,1997,17,17,1530,17,1.18,0,0,0,0.06,1.29,0.02,0.17,6.88,20.53,27.59,3.82,2.43,7.53,3.12,16.06,0.82,0.76,1,90,1.18,4.35,3.12,0.24,0.35,0.41,0.29,0.12,0,0.12,0,12.9,Goalkeeper
153,Predrag Rajković,SRB,GK,Mallorca,La Liga,27,1995,36,36,3240,36,1.11,0.17,0,0.08,0,1.09,0.01,-0.02,8.97,21.83,24.97,3.47,1.26,8.58,1.5,16.89,0.89,0.53,1,90,1.11,3.69,2.56,0.36,0.22,0.42,0.33,0.19,0.17,0.03,0,11.7,Goalkeeper
154,Diant Ramaj,GER,GK,Eint Frankfurt,Bundesliga,21,2001,1,1,90,1,1,0,0,1,0,1,0.2,0,1,3,21,7,29.1,4,22,15,1,1,1,90,1,5,4,0,1,0,0,0,0,0,0,11.5,Goalkeeper
155,Aaron Ramsdale,ENG,GK,Arsenal,Premier League,25,1998,38,38,3420,38,1.13,0.08,0,0.16,0.03,1.05,0.01,-0.05,2.87,11.29,25.16,4.58,0.88,4.03,1.29,10.03,0.58,1.13,1,90,1.13,3.58,2.47,0.68,0.16,0.16,0.37,0.13,0.08,0,0.05,16.1,Goalkeeper
156,Nicola Ravaglia,ITA,GK,Sampdoria,Serie A,34,1988,9,9,810,9,2.56,0.22,0,0.33,0,1.99,0.03,-0.57,5.44,16.11,25.11,5,3.96,11,4.18,17.22,1.11,0.11,1,90,2.56,7.11,4.56,0,0.33,0.67,0,0.22,0.22,0,0,10.5,Goalkeeper
157,David Raya,ESP,GK,Brentford,Premier League,27,1995,38,38,3420,38,1.21,0.05,0,0.24,0.08,1.26,0.01,0.13,9.13,23.21,35.97,4.21,1.04,7.08,1.36,15.74,1.37,1.42,1,90,1.21,5.18,4.05,0.39,0.37,0.24,0.32,0.05,0.05,0,0,15.8,Goalkeeper
158,Pepe Reina,ESP,GK,Villarreal,La Liga,40,1982,22,22,1980,22,1.23,0.18,0,0.14,0.05,1.31,0.01,0.13,2.91,9.41,33.45,5.09,1.31,5.36,1.62,14.32,0.68,0.91,1,90,1.23,3.95,2.77,0.59,0.14,0.27,0.23,0.18,0.18,0,0,14.6,Goalkeeper
159,Álex Remiro,ESP,GK,Real Sociedad,La Liga,28,1995,38,38,3420,38,0.92,0.03,0.03,0.08,0.05,0.86,0.01,-0.01,6.42,15.05,28.68,3.63,0.94,5.68,1.35,11.92,0.47,1.24,1,90,0.92,3.5,2.61,0.55,0.21,0.24,0.39,0.05,0.03,0.03,0,15.9,Goalkeeper
160,Manuel Riemann,GER,GK,Bochum,Bundesliga,34,1988,34,34,3060,34,2.12,0.24,0.06,0.26,0.09,2.03,0.01,0,16.29,34.56,43.79,2.44,1.31,7.68,1.49,15.76,0.91,3.56,1,90,2.12,5.88,3.76,0.29,0.15,0.56,0.15,0.41,0.24,0.09,0.09,22.2,Goalkeeper
161,Rémy Riou,FRA,GK,Lyon,Ligue 1,35,1987,7,6,601,6.7,1.19,0.6,0,0,0.15,1.31,0.03,0.27,1.79,7.31,26.57,4.48,4.28,7.01,3.88,11.64,0.9,1.49,0.9,89.7,1.19,3.58,2.54,0.3,0.6,0,0.15,0.6,0.6,0,0,17.2,Goalkeeper
162,Joel Robles,ESP,GK,Leeds United,Premier League,32,1990,4,4,360,4,2.75,0.5,0,0,0,2.62,0.08,-0.12,4.5,17.75,22.5,5,10.28,8,12.35,10.75,0.5,0.75,1,90,2.75,6.75,4,0,0.25,0.75,0,0.75,0.5,0,0.25,11.6,Goalkeeper
163,Marek Rodák,SVK,GK,Fulham,Premier League,26,1996,2,2,180,2,1,0,0,0,0,1,0.26,0,8,23.5,23,1.5,23,7.5,30,13,0.5,1,1,90,1,2,1,0,1,0,0.5,0,0,0,0,14,Goalkeeper
164,Leonardo Román,ESP,GK,Mallorca,La Liga,22,2000,1,1,90,1,0,0,0,0,0,0.1,0.03,0.1,9,21,30,3,35.2,12,48.8,30,1,2,1,90,0,4,4,1,0,0,1,0,0,0,0,17.4,Goalkeeper
165,Francesco Rossi,ITA,GK,Atalanta,Serie A,32,1991,1,0,3,0,,,,,,,,,,inf,inf,,inf,inf,inf,inf,,,,inf,,,,,,,,,,,,0,Goalkeeper
166,Gerónimo Rulli,ARG,GK,Villarreal,La Liga,31,1992,14,14,1260,14,0.71,0,0,0.07,0,0.89,0.02,0.18,3.57,8.5,32.21,5,2.06,6.57,2.71,15.36,1.43,1.5,1,90,0.71,4,3.29,0.43,0.21,0.36,0.5,0,0,0,0,15.5,Goalkeeper
167,Alessandro Russo,ITA,GK,Sassuolo,Serie A,22,2001,1,1,90,1,3,0,0,0,0,2.8,0.4,-0.2,0,12,42,2,30.7,8,18.3,14,0,0,1,90,3,7,4,0,0,1,0,0,0,0,0,10,Goalkeeper
168,Frederik Rønnow,DEN,GK,Union Berlin,Bundesliga,30,1992,29,29,2610,29,0.93,0.17,0,0.17,0,1.21,0.01,0.28,8.28,20.86,38.45,3.76,1.26,5.62,1.7,14.97,1.48,1,1,90,0.93,4.1,3.17,0.55,0.24,0.21,0.38,0.17,0.17,0,0,13.5,Goalkeeper
169,José Sá,POR,GK,Wolves,Premier League,30,1993,36,36,3240,36,1.53,0.06,0,0.17,0.03,1.34,0.01,-0.16,3.33,12.08,25.97,5.06,0.86,7.22,1.28,15,1.19,0.78,1,90,1.53,4.47,2.92,0.31,0.19,0.5,0.31,0.11,0.06,0.06,0,12.6,Goalkeeper
170,Brice Samba,FRA,GK,Lens,Ligue 1,29,1994,37,37,3330,37,0.76,0.08,0,0.16,0.03,0.88,0.01,0.15,4.7,11.76,29.05,3.78,0.9,4.32,0.88,10.38,0.92,1.11,1,90,0.76,3.38,2.65,0.65,0.24,0.11,0.41,0.08,0.08,0,0,15.4,Goalkeeper
171,Robert Sánchez,ESP,GK,Brighton,Premier League,25,1997,23,23,2070,23,1.3,0.22,0,0.17,0.13,1.05,0.01,-0.12,2.61,8.91,28.04,4.48,1.26,5.7,1.53,9.96,0.74,0.57,1,90,1.3,3.22,2,0.48,0.22,0.3,0.26,0.26,0.22,0.04,0,12.3,Goalkeeper
172,Mouhamadou Sarr,SEN,GK,Cremonese,Serie A,26,1997,2,2,180,2,1.5,0,0,0.5,0,1.45,0.18,-0.05,9.5,19,35.5,6,17.85,6,26.8,9,0,0.5,1,90,1.5,4,2.5,0.5,0,0.5,0.5,0,0,0,0,8.6,Goalkeeper
173,Kasper Schmeichel,DEN,GK,Nice,Ligue 1,36,1986,36,36,3240,36,0.97,0.08,0.06,0.14,0,1,0.01,0.02,4.72,10.78,25.25,3.31,0.91,7.72,0.99,12.64,0.67,0.64,1,90,0.97,3.92,2.92,0.42,0.33,0.25,0.31,0.14,0.08,0.03,0.03,12.9,Goalkeeper
174,Marvin Schwäbe,GER,GK,Köln,Bundesliga,28,1995,34,34,3060,34,1.59,0.12,0.12,0.12,0.09,1.24,0.01,-0.26,4.53,11.88,35.38,3.44,0.92,5.44,1,13.76,0.56,0.65,1,90,1.59,3.79,2.26,0.29,0.35,0.35,0.18,0.15,0.12,0.03,0,13.4,Goalkeeper
175,Alexander Schwolow,GER,GK,Schalke 04,Bundesliga,31,1992,23,22,2035,22.6,2.57,0.18,0.04,0.27,0,2.03,0.01,-0.54,7.96,19.51,29.91,3.5,1.7,7.7,2.44,14.2,0.31,1.02,0.97,90.04,2.57,6.11,3.54,0.18,0.18,0.62,0.09,0.18,0.18,0,0,15,Goalkeeper
176,Matz Sels,BEL,GK,Strasbourg,Ligue 1,31,1992,38,38,3420,38,1.55,0.26,0.03,0.16,0,1.49,0.01,-0.07,4.18,11.97,20.39,3.42,0.97,5.16,1.16,13.26,0.82,0.84,1,90,1.55,4.58,3.03,0.24,0.34,0.42,0.16,0.29,0.26,0,0.03,12.8,Goalkeeper
177,Luigi Sepe,ITA,GK,Salernitana,Serie A,32,1991,17,17,1530,17,1.59,0.24,0,0,0,1.78,0.02,0.19,4.47,16.12,28.82,4.94,2.11,9.06,2.42,13.06,0.94,0.76,1,90,1.59,5.12,3.35,0.24,0.29,0.47,0.18,0.41,0.24,0.18,0,14.2,Goalkeeper
178,Rui Silva,POR,GK,Betis,La Liga,29,1994,26,26,2340,26,1.23,0.08,0.04,0.23,0.04,1.27,0.01,0.07,5.92,15.77,25.69,4.12,1.37,8.23,1.83,14.19,0.69,1.42,1,90,1.23,4,2.81,0.46,0.15,0.38,0.35,0.08,0.08,0,0,16.6,Goalkeeper
179,Marco Silvestri,ITA,GK,Udinese,Serie A,32,1991,38,38,3420,38,1.26,0.16,0.05,0.08,0.05,1.28,0.01,0.07,3.79,10,22.95,3.74,0.84,7.95,0.9,14.39,0.34,0.55,1,90,1.26,3.61,2.39,0.29,0.34,0.37,0.26,0.18,0.16,0,0.03,12.2,Goalkeeper
180,Unai Simón,ESP,GK,Athletic Club,La Liga,25,1997,31,31,2745,30.5,1.21,0.1,0.03,0.03,0.1,1.04,0.01,-0.08,4.39,11.51,24.98,5.05,1.09,6.1,1.62,11.64,0.59,1.31,1.02,90,1.21,3.41,2.3,0.43,0.2,0.39,0.3,0.1,0.1,0,0,17.5,Goalkeeper
181,Tobias Sippel,GER,GK,M'Gladbach,Bundesliga,35,1988,6,5,510,5.7,2.11,0.18,0,0.53,0,2.04,0.06,-0.07,4.39,18.6,37.19,4.04,5.74,8.42,9.32,15.44,0.35,0.7,0.88,89.47,2.11,5.79,3.68,0.18,0.18,0.53,0.18,0.18,0.18,0,0,13.1,Goalkeeper
182,Salvatore Sirigu,ITA,GK,Fiorentina,Serie A,36,1987,1,1,90,1,0,0,0,0,0,1,0.19,1,6,16,30,9,37.7,8,41.8,12,0,2,1,90,0,5,5,1,0,0,1,0,0,0,0,26.3,Goalkeeper
183,Łukasz Skorupski,POL,GK,Bologna,Serie A,32,1991,37,37,3330,37,1.32,0.19,0.03,0.16,0.08,1.29,0.01,0.05,3.95,10.03,25.22,5.57,0.86,7.51,0.89,13.3,0.78,0.65,1,90,1.32,4.35,3.05,0.35,0.32,0.32,0.19,0.24,0.19,0.05,0,12.9,Goalkeeper
184,François-Joseph Sollacaro,FRA,GK,Ajaccio,Ligue 1,29,1994,6,6,540,6,2.33,0.17,0,0.17,0.17,1.52,0.06,-0.65,3.17,14.5,17,1.83,6.78,6.67,8.03,15.5,1,1,1,90,2.33,4,1.83,0.17,0.17,0.67,0.17,0.17,0.17,0,0,11.5,Goalkeeper
185,Yann Sommer,SUI,GK,M'Gladbach,Bundesliga,34,1988,10,10,900,10,1.4,0.2,0.1,0,0.1,1.67,0.02,0.37,4.8,14.1,51.7,5.2,2.82,9,2.86,16.2,0.5,1.3,1,90,1.4,6,4.7,0.4,0.4,0.2,0.3,0.2,0.2,0,0,14.6,Goalkeeper
186,Yann Sommer,SUI,GK,Bayern Munich,Bundesliga,34,1988,19,19,1710,19,1.32,0.37,0.05,0.05,0,1.25,0.02,-0.07,2.53,6.21,34.26,4.37,1.32,5.16,1.51,11.16,0.63,1.42,1,90,1.32,2.89,1.58,0.58,0.21,0.21,0.26,0.37,0.37,0,0,16.7,Goalkeeper
187,David Soria,ESP,GK,Getafe,La Liga,30,1993,38,38,3420,38,1.18,0.11,0,0.18,0.05,1.2,0.01,0.07,10.76,23.79,20.58,2.61,1.31,9.13,1.57,15.42,0.95,1.21,1,90,1.18,4.37,3.13,0.26,0.32,0.42,0.34,0.21,0.11,0.11,0,15,Goalkeeper
188,Marco Sportiello,ITA,GK,Atalanta,Serie A,31,1992,15,14,1340,14.9,1.41,0.07,0.07,0.13,0,1.32,0.02,-0.09,3.49,9.93,23.22,5.7,1.93,7.79,3.34,13.42,1.21,1.21,0.94,89.93,1.41,4.3,2.89,0.4,0.2,0.34,0.13,0.07,0.07,0,0,15,Goalkeeper
189,Jason Steele,ENG,GK,Brighton,Premier League,32,1990,15,15,1350,15,1.53,0.07,0,0.13,0.2,1.23,0.02,-0.1,2.27,4.93,32.2,3.2,1.61,3.67,0.93,8.4,0.67,1.27,1,90,1.53,3.8,2.4,0.47,0.2,0.33,0.4,0.13,0.07,0.07,0,15.7,Goalkeeper
190,Mile Svilar,SRB,GK,Roma,Serie A,23,1999,3,3,270,3,1,0,0,0,0,0.97,0.1,-0.03,5.33,14.67,20.33,4.33,13.8,5.33,20.03,14,2,1.33,1,90,1,3.33,2.33,0.33,0.33,0.33,0.33,0,0,0,0,12.1,Goalkeeper
191,Wojciech Szczęsny,POL,GK,Juventus,Serie A,33,1990,28,28,2472,27.5,0.95,0.11,0,0.18,0,0.95,0.01,0,4.65,9.82,23.05,4.65,1.22,5.56,1.39,14.15,0.4,0.76,1.02,89.89,0.95,3.38,2.44,0.62,0.11,0.29,0.51,0.11,0.11,0,0,14.7,Goalkeeper
192,Ciprian Tătărușanu,ROU,GK,Milan,Serie A,37,1986,16,16,1440,16,1.38,0.12,0.12,0.25,0.06,1.05,0.02,-0.26,5.88,12.19,29.56,4.69,2.06,5.19,2.61,12.19,0.56,0.81,1,90,1.38,3.81,2.5,0.56,0.19,0.25,0.25,0.12,0.12,0,0,14.4,Goalkeeper
193,Marc-André ter Stegen,GER,GK,Barcelona,La Liga,31,1992,38,38,3347,37.2,0.48,0.08,0,0.05,0.08,0.64,0.01,0.23,4.52,9.01,32.66,4.97,0.78,5.3,0.95,9.89,0.48,1.1,1.02,89.97,0.48,2.63,2.23,0.75,0.11,0.16,0.7,0.08,0.08,0,0,16.4,Goalkeeper
194,Pietro Terracciano,ITA,GK,Fiorentina,Serie A,33,1990,29,29,2610,29,1.31,0.21,0,0.1,0.07,1.14,0.01,-0.1,5.34,12.93,30.03,3.9,1.14,6.83,1.4,9.34,0.41,1.9,1,90,1.31,3.31,2.03,0.31,0.28,0.41,0.17,0.24,0.21,0.03,0,18.4,Goalkeeper
195,Kevin Trapp,GER,GK,Eint Frankfurt,Bundesliga,32,1990,33,33,2970,33,1.55,0.06,0.03,0.21,0.03,1.28,0.01,-0.23,2.42,9.88,20.12,3.88,1.05,6.64,1.03,12.15,0.52,0.73,1,90,1.55,3.94,2.42,0.39,0.3,0.3,0.18,0.06,0.06,0,0,14.4,Goalkeeper
196,Mark Travers,IRL,GK,Bournemouth,Premier League,24,1999,12,11,1035,11.5,2.78,0.17,0,0.7,0.17,2.09,0.03,-0.52,6.17,13.39,21.74,4.7,2.77,10.26,3.81,19.91,0.43,0.43,0.96,90,2.78,5.74,3.13,0.17,0,0.78,0.17,0.17,0.17,0,0,10.5,Goalkeeper
197,Martin Turk,SVN,GK,Sampdoria,Serie A,19,2003,4,4,360,4,2.25,0.25,0,0.75,0,2,0.06,-0.25,8.75,19.5,24.75,3.75,8.78,10.75,14.08,15,0,0.5,1,90,2.25,7.5,5.25,0.25,0.25,0.5,0,0.5,0.25,0,0.25,12.3,Goalkeeper
198,Samir Ujkani,KVX,GK,Empoli,Serie A,34,1988,1,0,7,0.1,10,0,0,0,0,2,2.5,-8,0,0,20,10,185,10,270,10,0,0,0,70,10,10,0,0,0,0,0,0,0,0,0,0,Goalkeeper
199,Sven Ulreich,GER,GK,Bayern Munich,Bundesliga,34,1988,3,3,270,3,0.67,0,0,0.33,0,0.8,0.06,0.13,3,8.67,37.33,7,8.67,6,7.8,11.33,0.67,1.33,1,90,0.67,2.67,1.67,1,0,0,0.67,0.33,0,0.33,0,17.5,Goalkeeper
200,Guglielmo Vicario,ITA,GK,Empoli,Serie A,26,1996,31,31,2783,30.9,1.26,0.13,0,0.26,0.03,1.32,0.01,0.09,4.47,14.72,35.79,4.89,1.09,5.5,1.39,19.61,1.1,0.71,1,90.06,1.26,4.34,3.07,0.29,0.39,0.32,0.23,0.19,0.13,0.03,0.03,11.5,Goalkeeper
201,Iván Villar,ESP,GK,Celta Vigo,La Liga,25,1997,19,19,1710,19,1.26,0.16,0,0.32,0,1.17,0.02,-0.09,4.26,12.58,22.89,5.05,1.78,8.26,2.36,13.47,0.42,0.74,1,90,1.26,3.26,2,0.32,0.26,0.42,0.21,0.21,0.16,0,0.05,14.2,Goalkeeper
202,Danny Ward,WAL,GK,Leicester City,Premier League,29,1993,26,26,2340,26,1.77,0.08,0.08,0.23,0.15,1.4,0.01,-0.21,3.62,11.65,28.85,5.92,1.17,7.31,1.35,13.65,0.77,1.62,1,90,1.77,4.58,2.88,0.27,0.12,0.62,0.23,0.12,0.08,0.04,0,15.9,Goalkeeper
203,Axel Werner,ARG,GK,Elche,La Liga,27,1996,2,2,180,2,2,0,0,1,0,1.2,0.16,-0.8,2,10,26.5,4.5,17.45,8,16.9,13,0.5,0.5,1,90,2,4,2,0,0,1,0,0,0,0,0,14,Goalkeeper
204,Joseph Whitworth,ENG,GK,Crystal Palace,Premier League,19,2004,2,2,180,2,2.5,0,0,0,0,1.15,0.12,-1.35,4,13.5,34,4,15.05,7.5,18.35,12.5,0.5,1.5,1,90,2.5,5,2.5,0,0,1,0,0,0,0,0,15.4,Goalkeeper
205,Robin Zentner,GER,GK,Mainz 05,Bundesliga,28,1994,26,26,2340,26,1.5,0.12,0.04,0.08,0,1.36,0.01,-0.14,6.15,18.23,25.85,5.62,1.54,7.46,2.08,12.35,1.65,2.04,1,90,1.5,4.19,2.65,0.35,0.31,0.35,0.27,0.19,0.12,0.04,0.04,17.4,Goalkeeper
206,Michael Zetterer,GER,GK,Werder Bremen,Bundesliga,27,1995,2,1,152,1.7,1.76,0,0,0.59,0,1.88,0.14,0.12,9.41,19.41,28.82,7.65,24.47,7.06,29.59,8.82,1.76,2.35,0.59,89.41,1.76,8.24,6.47,0,0.59,0,0,0,0,0,0,16.5,Goalkeeper
207,Jeroen Zoet,NED,GK,Spezia,Serie A,32,1991,5,4,334,3.7,1.08,0.27,0,0.27,0,0.76,0.04,-0.32,6.76,21.08,29.73,3.51,10.54,6.22,15.78,16.76,1.08,1.62,1.08,90.27,1.08,3.51,2.43,0,0.81,0.27,0,0.27,0.27,0,0,14.7,Goalkeeper
208,Petar Zovko,BIH,GK,Spezia,Serie A,21,2002,1,0,74,0.8,2.5,0,0,0,0,2.12,0.69,-0.37,8.75,26.25,28.75,3.75,43.88,16.25,63.88,30,1.25,2.5,0,92.5,2.5,3.75,1.25,0,0,0,0,0,0,0,0,17,Goalkeeper
